Player,Allstar
Steven Adams,0
Bam Adebayo,0
LaMarcus Aldridge,1
Nickeil Alexander-Walker,0
Grayson Allen,0
Jarrett Allen,0
Kadeem Allen,0
Al-Farouq Aminu,0
Justin Anderson,0
Kyle Anderson,0
Ryan Anderson,0
Giannis Antetokounmpo,1
Kostas Antetokounmpo,0
Thanasis Antetokounmpo,0
Carmelo Anthony,0
OG Anunoby,0
Ryan Arcidiacono,0
Trevor Ariza,0
Trevor Ariza,0
Trevor Ariza,0
D.J. Augustin,0
Deandre Ayton,0
Dwayne Bacon,0
Marvin Bagley,0
Lonzo Ball,0
Mo Bamba,0
J.J. Barea,0
Harrison Barnes,0
RJ Barrett,0
Will Barton,0
Keita Bates-Diop,0
Nicolas Batum,0
Aron Baynes,0
Kent Bazemore,0
Kent Bazemore,0
Kent Bazemore,0
Darius Bazley,0
Bradley Beal,1
Malik Beasley,0
Marco Belinelli,0
Jordan Bell,0
DeAndre' Bembry,0
Dragan Bender,0
Dāvis Bertāns,0
Patrick Beverley,0
Khem Birch,0
Goga Bitadze,0
Bismack Biyombo,0
Nemanja Bjelica,0
Eric Bledsoe,0
Bogdan Bogdanović,0
Bojan Bogdanović,1
Jonah Bolden,0
Marques Bolden,0
Jordan Bone,0
Isaac Bonga,0
Devin Booker,0
Chris Boucher,0
Brian Bowen,0
Ky Bowman,0
Avery Bradley,0
Tony Bradley,0
Jarrell Brantley,0
Ignas Brazdeikis,0
Mikal Bridges,0
Miles Bridges,0
Oshae Brissett,0
Ryan Broekhoff,0
Malcolm Brogdon,0
Dillon Brooks,0
Bruce Brown,0
Charlie Brown,0
Jaylen Brown,0
Moses Brown,0
Sterling Brown,0
Troy Brown,0
Jalen Brunson,0
Thomas Bryant,0
Reggie Bullock,0
Trey Burke,0
Alec Burks,0
Deonte Burton,0
Jimmy Butler,1
Bruno Caboclo,0
Kentavious Caldwell-Pope,0
Vlatko Čančar,0
Clint Capela,0
DeMarre Carroll,0
Jevon Carter,0
Vince Carter,0
Wendell Carter,0
Michael Carter-Williams,0
Alex Caruso,0
Willie Cauley-Stein,0
Willie Cauley-Stein,0
Willie Cauley-Stein,0
Tyson Chandler,0
Wilson Chandler,0
Zylan Cheatham,0
Chris Chiozza,0
Chris Chiozza,0
Chris Chiozza,0
Marquese Chriss,0
Gary Clark,0
Gary Clark,0
Gary Clark,0
Brandon Clarke,0
Jordan Clarkson,0
Jordan Clarkson,0
Jordan Clarkson,0
Nicolas Claxton,0
Chris Clemons,0
Antonius Cleveland,0
Amir Coffey,0
John Collins,0
Zach Collins,0
Mike Conley,0
Pat Connaughton,0
Quinn Cook,0
Tyler Cook,0
Robert Covington,0
Robert Covington,0
Robert Covington,0
Allen Crabbe,0
Allen Crabbe,0
Allen Crabbe,0
Torrey Craig,0
Jae Crowder,0
Jarrett Culver,0
Seth Curry,0
Stephen Curry,0
Troy Daniels,0
Anthony Davis,1
Ed Davis,0
Terence Davis,0
Dewayne Dedmon,0
Matthew Dellavedova,0
DeMar DeRozan,0
Cheick Diallo,0
Hamidou Diallo,0
Gorgui Dieng,0
Spencer Dinwiddie,0
Donte DiVincenzo,0
Luka Dončić,1
Luguentz Dort,0
Damyean Dotson,0
Sekou Doumbouya,0
PJ Dozier,0
Goran Dragić,0
Andre Drummond,0
Jared Dudley,0
Kris Dunn,0
Carsen Edwards,0
Henry Ellenson,0
Wayne Ellington,0
Joel Embiid,1
James Ennis,0
Drew Eubanks,0
Jacob Evans,0
Dante Exum,0
Dante Exum,0
Dante Exum,0
Tacko Fall,0
Derrick Favors,0
Cristiano Felício,0
Terrance Ferguson,0
Bruno Fernando,0
Yogi Ferrell,0
Dorian Finney-Smith,0
Bryn Forbes,0
Evan Fournier,0
De'Aaron Fox,0
Melvin Frazier,0
Michael Frazier,0
Tim Frazier,0
Markelle Fultz,0
Wenyen Gabriel,0
Wenyen Gabriel,0
Wenyen Gabriel,0
Daniel Gafford,0
Danilo Gallinari,1
Langston Galloway,0
Darius Garland,0
Marc Gasol,0
Rudy Gay,0
Paul George,1
Taj Gibson,0
Harry Giles,0
Shai Gilgeous-Alexander,0
Rudy Gobert,0
Brandon Goodwin,0
Aaron Gordon,0
Eric Gordon,0
Devonte' Graham,1
Treveon Graham,0
Treveon Graham,0
Treveon Graham,0
Jerami Grant,0
Josh Gray,0
Danny Green,0
Draymond Green,0
JaMychal Green,0
Javonte Green,0
Jeff Green,0
Blake Griffin,0
Marko Guduric,0
Kyle Guy,0
Rui Hachimura,0
Devon Hall,0
Tim Hardaway,0
James Harden,1
Maurice Harkless,0
Jared Harper,0
Montrezl Harrell,0
Gary Harris,0
Joe Harris,0
Tobias Harris,0
Shaquille Harrison,0
Josh Hart,0
Isaiah Hartenstein,0
Udonis Haslem,0
Jaxson Hayes,0
Gordon Hayward,0
John Henson,0
Dewan Hernandez,0
Juan Hernangómez,0
Willy Hernangómez,0
Tyler Herro,0
Kevin Hervey,0
Mario Hezonja,0
Buddy Hield,0
George Hill,0
Solomon Hill,0
Jaylen Hoard,0
Aaron Holiday,0
Jrue Holiday,1
Justin Holiday,0
Rondae Hollis-Jefferson,0
Richaun Holmes,0
Rodney Hood,0
Al Horford,0
Talen Horton-Tucker,0
Danuel House,0
Dwight Howard,0
William Howard,0
Kevin Huerter,0
De'Andre Hunter,0
Chandler Hutchison,0
Serge Ibaka,0
Ersan İlyasova,0
Joe Ingles,0
Brandon Ingram,1
Kyrie Irving,1
Jonathan Isaac,1
Wesley Iwundu,0
Frank Jackson,0
Jaren Jackson,0
Josh Jackson,0
Justin Jackson,0
Reggie Jackson,0
Justin James,0
LeBron James,1
Amile Jefferson,0
DaQuan Jeffries,0
Ty Jerome,0
Alize Johnson,0
B.J. Johnson,0
Cameron Johnson,0
James Johnson,0
Keldon Johnson,0
Stanley Johnson,0
Tyler Johnson,0
Nikola Jokić,0
Damian Jones,0
Derrick Jones,0
Tyus Jones,0
DeAndre Jordan,0
Cory Joseph,0
Mfiondu Kabengele,0
Frank Kaminsky,0
Enes Kanter,0
Luke Kennard,0
Stanton Kidd,0
Michael Kidd-Gilchrist,0
Louis King,0
Maxi Kleber,0
Brandon Knight,0
Kevin Knox,0
John Konchar,0
Furkan Korkmaz,0
Luke Kornet,0
Kyle Korver,0
Rodions Kurucs,0
Kyle Kuzma,0
Skal Labissière,0
Jeremy Lamb,0
Romeo Langford,0
Zach LaVine,1
Vic Law,0
Jake Layman,0
T.J. Leaf,0
Jalen Lecque,0
Courtney Lee,0
Damion Lee,0
Alex Len,0
Kawhi Leonard,1
Meyers Leonard,0
Caris LeVert,0
Damian Lillard,1
Nassir Little,0
Kevon Looney,0
Brook Lopez,1
Robin Lopez,0
Kevin Love,0
Kyle Lowry,0
Timothé Luwawu-Cabarrot,0
Trey Lyles,0
Daryl Macon,0
Josh Magette,0
Ian Mahinmi,0
Thon Maker,0
Terance Mann,0
Boban Marjanović,0
Lauri Markkanen,0
Caleb Martin,0
Cody Martin,0
Jeremiah Martin,0
Kelan Martin,0
Frank Mason,0
Garrison Mathews,0
Wesley Matthews,0
Patrick McCaw,0
CJ McCollum,0
T.J. McConnell,0
Jalen McDaniels,0
Doug McDermott,0
JaVale McGee,0
Rodney McGruder,0
Alfonzo McKinnie,0
Jordan McLaughlin,0
Ben McLemore,0
Jordan McRae,0
Nicola Melli,0
De'Anthony Melton,0
Chimezie Metu,0
Khris Middleton,0
Eric Mika,0
C.J. Miles,0
Malcolm Miller,0
Patty Mills,0
Paul Millsap,0
Shake Milton,0
Donovan Mitchell,0
Naz Mitrou-Long,0
Adam Mokoka,0
Malik Monk,0
Matt Mooney,0
E'Twaun Moore,0
Ja Morant,0
Juwan Morgan,0
Marcus Morris,0
Markieff Morris,0
Monte Morris,0
Johnathan Motley,0
Emmanuel Mudiay,0
Dejounte Murray,0
Jamal Murray,0
Danan Musa,0
Mike Muscala,0
Sviatoslav Mykhailiuk,0
Abdel Nader,0
Larry Nance,0
Shabazz Napier,0
Shabazz Napier,0
Shabazz Napier,1
Raul Neto,0
Georges Niang,0
Nerlens Noel,0
Zach Norvell,0
Jaylen Nowell,0
Frank Ntilikina,0
Kendrick Nunn,0
David Nwaba,0
Royce O'Neale,0
Kyle O'Quinn,0
Semi Ojeleye,0
Jahlil Okafor,0
Elie Okobo,0
Josh Okogie,0
KZ Okpala,0
Victor Oladipo,0
Kelly Olynyk,0
Miye Oni,0
Cedi Osman,0
Kelly Oubre,0
Tariq Owens,0
Jabari Parker,0
Chandler Parsons,0
Eric Paschall,0
Anžejs Pasečņiks,0
Patrick Patterson,0
Justin Patton,0
Chris Paul,0
Elfrid Payton,0
Gary Payton,0
Norvel Pelle,0
Theo Pinson,0
Mason Plumlee,0
Vincent Poirier,0
Jakob Pöltl,0
Shamorie Ponds,0
Jordan Poole,0
Kevin Porter,0
Michael Porter,0
Otto Porter,0
Bobby Portis,0
Kristaps Porziņģis,1
Dwight Powell,0
Norman Powell,0
Julius Randle,0
Josh Reaves,0
Cam Reddish,0
J.J. Redick,0
Naz Reid,0
Josh Richardson,0
Austin Rivers,0
Duncan Robinson,0
Glenn Robinson,0
Jerome Robinson,0
Justin Robinson,0
Mitchell Robinson,0
Isaiah Roby,0
Rajon Rondo,0
Derrick Rose,0
Terrence Ross,0
Terry Rozier,0
Ricky Rubio,0
D'Angelo Russell,1
Domantas Sabonis,0
JaKarr Sampson,0
Dario Šarić,0
Tomáš Satoranský,0
Admiral Schofield,0
Dennis Schröder,0
Mike Scott,0
Thabo Sefolosha,0
Collin Sexton,0
Landry Shamet,0
Marial Shayok,0
Iman Shumpert,0
Pascal Siakam,0
Chris Silva,0
Ben Simmons,0
Anfernee Simons,0
Alen Smailagić,0
Marcus Smart,0
Dennis Smith,0
Ish Smith,0
Zhaire Smith,0
Tony Snell,0
Omari Spellman,0
Max Strus,0
Edmond Sumner,0
Caleb Swanigan,0
Caleb Swanigan,0
Caleb Swanigan,0
Jayson Tatum,1
Jeff Teague,0
Jeff Teague,0
Jeff Teague,0
Garrett Temple,0
Daniel Theis,0
Isaiah Thomas,0
Khyri Thomas,0
Matt Thomas,0
Tristan Thompson,0
Matisse Thybulle,0
Anthony Tolliver,0
Anthony Tolliver,0
Anthony Tolliver,0
Karl-Anthony Towns,1
Gary Trent,0
Allonzo Trier,0
P.J. Tucker,0
Rayjon Tucker,0
Evan Turner,0
Myles Turner,0
Jonas Valančiūnas,0
Denzel Valentine,0
Jarred Vanderbilt,0
Fred VanVleet,1
Gabe Vincent,0
Noah Vonleh,0
Nikola Vučević,1
Dean Wade,0
Moritz Wagner,0
Dion Waiters,0
Kemba Walker,1
Lonnie Walker,0
Tyrone Wallace,0
Taurean Waller-Prince,0
Derrick Walton,0
Brad Wanamaker,0
T.J. Warren,0
PJ Washington,0
Yuta Watanabe,0
Tremont Waters,0
Paul Watson,0
Paul Watson,0
Paul Watson,0
Russell Westbrook,0
Coby White,0
Derrick White,0
Hassan Whiteside,1
Andrew Wiggins,0
Grant Williams,0
Johnathan Williams,0
Kenrich Williams,0
Lou Williams,0
Marvin Williams,0
Robert Williams,0
Nigel Williams-Goss,0
Zion Williamson,0
D.J. Wilson,0
Justise Winslow,0
Christian Wood,0
Delon Wright,0
Thaddeus Young,0
Trae Young,1
Cody Zeller,0
Ante Zizic,0
Ivica Zubac,0
